episode_key,count
27,290
31,288
38,287
13,283
33,282
8,282
25,282
0,281
23,281
37,281
7,278
4,278
34,277
1,274
5,274
9,274
21,273
26,273
39,271
17,271
10,270
19,270
3,269
15,269
14,269
36,269
18,269
12,268
30,268
32,267
11,265
28,265
35,265
20,264
2,264
29,262
6,261
22,261
24,260
16,252
157,61
55,59
93,58
89,58
59,58
99,57
98,57
54,57
116,57
127,57
62,57
60,57
119,57
61,56
136,56
126,56
130,56
74,56
47,56
63,56
78,56
106,56
107,56
85,55
149,55
40,55
170,55
140,55
172,55
118,54
123,54
83,54
145,54
134,54
94,54
44,54
124,54
67,54
101,54
76,54
105,54
146,53
155,53
167,53
166,53
58,53
73,53
46,53
115,53
87,53
77,53
111,53
135,53
139,53
51,53
52,53
91,53
53,53
100,53
81,52
143,52
148,52
90,52
131,52
82,52
114,52
112,52
66,52
138,51
79,51
160,51
95,51
156,51
154,51
165,51
96,51
86,51
75,51
49,51
128,51
71,50
57,50
102,50
110,50
108,50
177,50
113,50
41,50
152,50
109,50
133,50
144,50
150,50
174,49
129,49
88,49
103,49
84,49
132,49
169,49
50,49
137,49
171,49
117,49
56,48
188,48
147,48
153,48
159,48
72,48
45,48
161,48
162,48
97,47
92,47
42,47
70,47
43,47
178,47
180,47
142,47
65,46
186,46
163,46
185,46
68,46
125,46
151,46
158,45
168,45
104,45
175,45
121,45
120,45
48,44
64,44
176,44
141,44
80,44
179,44
181,44
184,43
164,43
187,43
193,42
192,42
183,41
69,41
173,41
194,40
122,40
189,39
195,39
190,39
191,38
182,37
196,34
202,33
197,33
198,32
204,31
199,30
200,29
203,28
201,28
206,27
205,24
210,24
207,23
209,23
208,21
211,20
214,18
213,18
212,17
218,15
215,13
217,13
216,11
224,10
220,10
228,9
222,9
225,8
219,8
231,8
221,8
259,7
252,7
227,7
230,7
250,7
258,7
242,7
223,7
229,6
235,6
247,6
238,6
232,6
257,6
266,5
265,5
233,5
270,5
240,5
243,5
244,5
245,5
249,5
226,5
260,5
261,5
262,5
263,5
248,5
237,5
273,4
255,4
276,4
241,4
274,4
264,4
254,4
239,4
234,4
253,4
268,4
246,4
272,3
279,3
236,3
271,3
280,3
277,3
278,3
275,3
251,3
269,3
267,3
256,3
291,2
282,2
293,2
288,2
287,2
286,2
439,1
432,1
425,1
427,1
428,1
430,1
431,1
445,1
434,1
433,1
423,1
435,1
436,1
444,1
441,1
440,1
424,1
403,1
422,1
421,1
397,1
399,1
400,1
401,1
402,1
447,1
404,1
406,1
408,1
410,1
411,1
412,1
415,1
417,1
420,1
446,1
463,1
448,1
491,1
478,1
479,1
482,1
483,1
484,1
485,1
488,1
492,1
450,1
494,1
495,1
496,1
497,1
498,1
499,1
500,1
476,1
472,1
471,1
470,1
452,1
453,1
454,1
455,1
456,1
457,1
458,1
460,1
461,1
394,1
464,1
465,1
467,1
468,1
469,1
395,1
378,1
393,1
309,1
312,1
313,1
316,1
317,1
318,1
319,1
320,1
321,1
323,1
326,1
327,1
328,1
329,1
331,1
333,1
310,1
306,1
336,1
304,1
281,1
283,1
284,1
285,1
290,1
289,1
294,1
295,1
296,1
297,1
298,1
299,1
300,1
301,1
302,1
335,1
338,1
392,1
365,1
368,1
370,1
372,1
373,1
374,1
376,1
379,1
380,1
381,1
382,1
384,1
385,1
386,1
387,1
388,1
367,1
364,1
340,1
363,1
342,1
344,1
347,1
348,1
349,1
350,1
352,1
353,1
354,1
356,1
357,1
358,1
360,1
361,1
362,1
501,1
